Price,Close,Close,Close,High,High,High,Low,Low,Low,Open,Open,Open,Volume,Volume,Volume
Ticker,AAPL,MSFT,TSLA,AAPL,MSFT,TSLA,AAPL,MSFT,TSLA,AAPL,MSFT,TSLA,AAPL,MSFT,TSLA
Date,,,,,,,,,,,,,,,
2024-11-20,227.9689483642578,412.3939208984375,342.0299987792969,228.89475383274825,414.18052617467214,346.6000061035156,224.8729502483013,407.52050466835993,334.29998779296875,227.0331781982001,413.76364252316546,345.0,35169600,19191700,66340700
2024-11-21,227.49110412597656,410.6137390136719,339.6400146484375,229.12371949855563,417.4859808182417,347.989990234375,224.69375844400457,408.04785157798557,335.2799987792969,227.8494838511811,417.2075121790912,343.80999755859375,42108300,20780200,58011700
2024-11-22,228.8350372314453,414.7211608886719,352.55999755859375,229.6812162999479,415.11896888171356,361.5299987792969,227.03318893672346,408.81361962204943,337.70001220703125,227.03318893672346,409.1219230929671,341.0899963378906,38168300,24814600,89140700
2024-11-25,231.82151794433594,416.5013732910156,338.5899963378906,232.19981188776785,418.778836873561,361.92999267578125,228.70562083004268,412.58290247238904,338.20001220703125,230.41787789282506,416.09361024787086,360.1400146484375,90152800,27691100,95890900
2024-11-26,234.00167846679688,425.6510925292969,338.2300109863281,234.50939199708804,426.69537265560376,346.9599914550781,232.2794717613211,416.5610569682543,335.6600036621094,232.2794717613211,417.29700327286355,341.0,45986200,23458900,62295900
2024-11-27,233.8722381591797,420.67840576171875,332.8900146484375,234.6288260383393,424.8952553598379,342.54998779296875,232.75728573526553,419.71370546967114,326.5899963378906,233.41431778082386,422.78681538537654,341.79998779296875,33498400,18332400,57896400
2024-11-29,236.26145935058594,421.1458435058594,345.1600036621094,236.73929396987336,422.55809676444443,345.45001220703125,232.91658663539664,415.51677094971404,334.6499938964844,233.75280101667178,417.7942649272981,336.0799865722656,28481400,16271900,37167600
2024-12-02,238.51126098632812,428.6247863769531,357.0899963378906,239.70585504150458,430.63373653101576,360.0,236.0922091638524,419.00761775180223,351.1499938964844,236.20171450499868,419.2662066130162,352.3800048828125,48137100,20207200,77986500
2024-12-03,241.55747985839844,428.84356689453125,351.4200134277344,241.66698519896212,430.1066156030698,355.69000244140625,237.82436396202866,425.40245343840513,348.20001220703125,238.73027039850206,427.4909833141871,351.79998779296875,38861000,18302000,58267200
2024-12-04,241.91587829589844,435.0295715332031,357.92999267578125,243.01093178619982,437.2672755840065,358.1000061035156,240.16380790150487,430.26573974460115,348.6000061035156,241.7765092325954,430.6635477279166,353.0,44383900,26009400,50810900
2024-12-05,241.94573974609375,440.2011413574219,369.489990234375,243.43898620611924,442.2300015529848,375.42999267578125,241.03984843814553,433.7864078777922,359.5,242.8914746561807,435.5268443828614,359.8699951171875,40033900,21697800,81403600
2024-12-06,241.7466278076172,441.1459655761719,389.2200012207031,243.52857697582414,443.66213830194334,389.489990234375,240.99005511798387,439.35578408835863,370.79998779296875,241.81631992920728,439.8828865059849,377.4200134277344,36870600,18821000,81455800
2024-12-09,245.6390380859375,443.58251953125,389.7900085449219,246.12683738886614,445.8798931073043,404.79998779296875,240.6615499788263,438.09269688925554,378.010009765625,240.74119161135067,440.18122659952354,397.6099853515625,44649200,19144400,96359200
2024-12-10,246.65443420410156,440.9072570800781,400.989990234375,247.09245556004478,447.16289170564096,409.7300109863281,244.23536723926503,439.1867306857862,390.8500061035156,245.7783914922151,441.96149226752044,392.67999267578125,36914800,18469500,97563600
2024-12-11,245.38021850585938,446.5363464355469,424.7699890136719,249.67081089954078,447.8889300799693,424.8800048828125,245.15124311202538,441.62334015579273,402.3800048828125,246.84360125039836,441.62334015579273,409.70001220703125,45205800,19200200,104287600
2024-12-12,246.8435821533203,447.10321044921875,418.1000061035156,247.62006903646127,453.66714837494953,429.29998779296875,244.57383373711528,446.65565750056305,415.0,245.77839247075497,446.65565750056305,424.8399963378906,32777500,20834800,87752200
2024-12-13,247.01283264160156,444.8257141113281,436.2300109863281,248.16759835190283,448.9629838704377,436.29998779296875,245.13134272203925,443.14494732322726,415.7099914550781,246.70423080565516,445.98933356109154,420.0,33155300,20177800,89000200
2024-12-16,249.90972900390625,449.1221008300781,463.0199890136719,250.24820975700106,449.70887289523523,463.19000244140625,246.53499250196242,442.84658679582157,436.1499938964844,246.8734732550572,444.82570192667384,441.0899963378906,51694800,23598800,114083800
2024-12-17,252.33872985839844,451.9764099121094,479.8599853515625,252.68716009783537,452.80189103583194,483.989990234375,248.655391740455,447.11314908926647,457.510009765625,248.95404406138837,448.545282051395,475.8999938964844,51356400,22733500,131223000
2024-12-18,246.9331817626953,434.999755859375,440.1300048828125,253.13512753347695,450.17634202962637,488.5400085449219,246.62457993830327,434.6317523490202,427.010009765625,251.02467749046986,448.8536235978926,466.5,56774100,24444500,149340800
2024-12-19,248.66534423828125,434.6416931152344,436.1700134277344,250.86540066585474,440.7580781855559,456.3599853515625,245.97750369773615,433.9355816606558,420.0199890136719,246.3856613682502,439.2066057877418,451.8800048828125,60882300,22963700,118566100
2024-12-20,253.34417724609375,434.21405029296875,421.05999755859375,253.8518755287198,441.31501544447383,447.0799865722656,244.58379575845774,426.28760397482347,417.6400146484375,246.92320588947405,430.74310199904505,425.510009765625,147495300,64263700,132216200
2024-12-23,254.1206817626953,432.8714294433594,430.6000061035156,254.49896052911285,435.25830776300677,434.510009765625,252.30886880268173,430.4646409959487,415.4100036621094,253.62293295259332,434.35327712310794,431.0,40858800,19152500,72698100
2024-12-24,257.0374755859375,436.9291076660156,462.2799987792969,257.0474099027653,437.1976515770788,462.7799987792969,254.14055892454206,431.817212852652,435.1400146484375,254.3396705835317,432.27469051669533,435.8999938964844,23234700,7164500,59551800
2024-12-26,257.8537902832031,435.7157897949219,454.1300048828125,258.9289447577566,438.5303413291557,465.3299865722656,256.4700643478404,434.24389716434194,451.0199890136719,257.02754060124687,436.6804901261448,465.1600036621094,27237100,8194200,76366400
2024-12-27,254.43922424316406,428.1772155761719,431.6600036621094,257.53523753189216,432.8415878431465,450.0,251.92061656694878,424.020065946368,426.5,256.66912911312295,432.22498090820386,449.5199890136719,42355300,18117700,82666800
2024-12-30,251.06448364257812,422.50836181640625,417.4100036621094,252.35863351915538,425.21349868579347,427.0,249.6210152068174,419.59438106008827,415.75,251.09434735441482,423.7316509986102,419.3999938964844,35557500,13158700,64941000
2024-12-31,249.29251098632812,419.196533203125,403.8399963378906,252.1396347735265,424.39796256038005,427.92999267578125,248.30696287880588,418.3611273840335,402.5400085449219,251.30342042234355,423.771400608361,423.7900085449219,39480700,13246500,76825100
2025-01-02,242.75209045410156,416.2925109863281,379.2799987792969,247.97845273823052,423.74159992080814,392.7300109863281,240.73123158611202,412.5829142901712,373.0400085449219,247.80920478270548,423.2045424399656,390.1000061035156,55740700,16896500,109710700
2025-01-03,242.26431274414062,421.0364685058594,410.44000244140625,243.080612931882,421.712745134401,411.8800048828125,240.80092995907523,417.2472919522773,379.45001220703125,242.26431274414062,418.77885425500915,381.4800109863281,40244100,16662900,95423300
2025-01-06,243.89691162109375,425.5118713378906,411.04998779296875,246.21642284830082,431.9465149926899,426.42999267578125,242.10501290585998,423.15482788109534,401.70001220703125,243.2100158477468,425.66104554069966,423.20001220703125,45045600,20573600,85516500
2025-01-07,241.11947631835938,420.0617980957031,394.3599853515625,244.44443460073458,428.29654775990844,414.3299865722656,240.263347789176,418.50037065706186,390.0,241.88599852058522,426.655570865203,405.8299865722656,40856000,18139100,75699500
2025-01-08,241.60726928710938,422.2398376464844,394.94000244140625,242.61273160476242,424.6366709818625,402.5,238.9692066706783,419.2363524426034,387.3999938964844,240.83078235887348,421.145842919639,392.95001220703125,37628900,15054600,73038800
2025-01-10,235.7836151123047,416.6604919433594,394.739990234375,239.0787097724967,422.38899347611215,399.2799987792969,231.95094323601768,412.7519459369572,377.2900085449219,238.9293760168756,422.30944402253056,391.3999938964844,61710900,20201100,62287300
2025-01-13,233.34463500976562,414.9101257324219,403.30999755859375,233.61342361918983,416.21296436365594,403.7900085449219,228.68571346021633,410.03690951971083,380.07000732421875,232.47855694506205,412.97077003054903,383.2099914550781,49630700,17604800,67580500
2025-01-14,232.2296905517578,413.3984375,396.3599853515625,235.05690023183175,417.4461724776856,422.6400146484375,231.42333988575893,408.4754763868852,394.5400085449219,233.69307331230715,415.5267269300622,414.3399963378906,39435300,16935900,84565000
2025-01-15,236.79901123046875,423.98028564453125,428.2200012207031,237.88411516800545,425.8102267141552,429.79998779296875,233.3744970274307,415.98421438422275,405.6600036621094,233.5835582088168,416.83953041233667,409.8999938964844,39832000,19637800,81375500
2025-01-16,227.23228454589844,422.25970458984375,413.82000732421875,236.9383864807084,427.1428756329152,424.0,227.0033243432251,422.07077084126166,409.1300048828125,236.28136958651152,426.35721474684357,423.489990234375,71759100,15300000,68335200
2025-01-17,228.9445343017578,426.6854248046875,426.5,231.24413133243607,432.1056536473427,439.739990234375,227.4512878984511,425.83013912279745,419.75,231.07489856287185,431.7177703608077,421.5,68488300,26197500,94991400
2025-01-21,221.6375732421875,426.1583251953125,424.07000732421875,223.40955766052627,428.54520356031776,433.20001220703125,218.39225670760806,423.2741792396476,406.30999755859375,222.9914505136237,427.8490471438773,432.6400146484375,98070400,26085700,87320900
2025-01-22,222.82223510742188,443.7616271972656,415.1099853515625,223.1109227348787,444.8257568157961,428.0,218.80041619812283,433.6173558153904,414.5899963378906,218.80041619812283,435.1688283301516,416.80999755859375,64126500,27803800,60963300
2025-01-23,222.65301513671875,444.2687683105469,412.3800048828125,226.0078374632505,444.3085582129765,420.7300109863281,221.29913768199057,439.08724891108926,408.95001220703125,223.72815445577547,439.58451646364995,416.05999755859375,60234800,18389300,50690600
2025-01-24,221.77694702148438,441.63330078125,406.5799865722656,224.614121166801,444.20914332055247,418.8800048828125,220.4131202139208,438.987833493392,405.7799987792969,223.76794215782238,442.7272955771019,414.45001220703125,54697900,15549500,56427100
2025-01-27,228.82508850097656,432.1851806640625,397.1499938964844,231.10477141655377,432.82169771122886,406.69000244140625,222.9715575076631,421.185624630697,389.0,223.01138591977585,421.6928472557325,394.79998779296875,94863400,35647800,58125500
2025-01-28,237.187255859375,444.7561340332031,398.0899963378906,239.1085741517517,445.9296782334323,400.5899963378906,229.77080167884077,429.02258057650255,386.5,229.81063008981926,432.22498499378844,396.9100036621094,75707600,23491700,48910700
2025-01-29,238.2823028564453,439.9126892089844,389.1000061035156,238.78005164957875,444.4378420399145,398.5899963378906,232.9563846938824,437.9932437860414,384.4800109863281,233.06589003597526,444.24887794638107,395.2099914550781,45486100,23581400,68033600
2025-01-30,236.520263671875,412.7221374511719,400.2799987792969,239.70585285329432,420.5491243253889,412.5,236.14198492507634,410.9021514578089,384.4100036621094,237.59540286874542,416.4814791520961,410.7799987792969,55658300,54586300,98092900
2025-01-31,234.9374237060547,412.7917785644531,404.6000061035156,246.0770438113447,418.39101660852566,419.989990234375,232.38895238779278,412.64260435429605,401.3399963378906,246.0770438113447,416.69036991112364,401.5299987792969,100959800,34161900,83283600
2025-02-03,226.9833984375,408.67437744140625,383.67999267578125,230.78620649590428,413.1398303368367,389.1700134277344,224.6838014511222,406.4267183987767,374.3599853515625,228.95449458875606,409.3506540265293,386.67999267578125,73063300,25679100,93732100
2025-02-04,231.7518310546875,410.116455078125,392.2099914550781,232.08034706669682,411.65800277159144,394.0,225.62951205101965,407.5008227766752,381.3999938964844,226.2268166528706,410.43471361041793,382.6300048828125,45067300,20532100,57072200
2025-02-05,231.42332458496094,411.0314636230469,378.1700134277344,231.62242106375825,411.5684907814938,388.3900146484375,227.24223776986636,408.1572423104593,375.5299987792969,227.50106167329415,410.0965981017129,387.510009765625,39620300,16316700,57223300
2025-02-06,232.16995239257812,413.547607421875,374.32000732421875,232.74734282564026,415.914605901032,375.3999938964844,229.39250557129796,411.73754619066034,363.17999267578125,230.24863411824003,411.73754619066034,373.0299987792969,29925300,16309800,77918200
2025-02-07,226.60511779785156,407.5107727050781,361.6199951171875,232.94643248808816,416.36212936115334,380.54998779296875,226.23677336593994,405.86979579790295,360.3399963378906,231.5527419594936,414.2040051086223,370.19000244140625,39707200,22886800,70298300
2025-02-10,226.8741912841797,409.96728515625,350.7300109863281,229.80417456619486,413.1895693646485,362.70001220703125,226.42572786906877,408.6744015876666,350.510009765625,228.7876615470872,411.44913283343,356.2099914550781,33115600,20817900,77514900
2025-02-11,231.8272705078125,409.1915283203125,328.5,234.42837673351212,410.2357780460881,349.3699951171875,227.3525813044295,407.06320861531077,325.1000061035156,227.42233485023965,407.4013772616106,345.79998779296875,53718400,18140600,118543400
2025-02-12,236.06277465820312,406.8046569824219,336.510009765625,236.15247950770552,408.5053035519359,346.3999938964844,229.89386689621963,402.1601645834243,329.1199951171875,230.41209906543347,404.98464070295296,329.94000244140625,45243300,19121700,105382700
2025-02-13,240.70687866210938,408.2964782714844,355.94000244140625,241.5141157963719,408.75395595267076,358.69000244140625,234.76719850951847,404.1392981832616,342.8500061035156,236.10262821821914,404.7758152621338,345.0,53614100,23891700,89441500
2025-02-14,243.76646423339844,406.1979675292969,355.8399963378906,244.71322380546283,406.6753553081934,362.0,240.16876569412125,403.66191514014076,347.5,240.427874198087,405.5614808415711,360.6199951171875,40896200,22758500,68277300
2025-02-18,243.6368865966797,407.4013977050781,354.1099853515625,244.34445851454996,408.3561429609082,359.1000061035156,241.01584434943877,404.2785427328027,350.0199890136719,243.31796980618805,405.7703454735141,355.010009765625,48822500,21423100,51631700
2025-02-19,244.03549194335938,412.50335693359375,360.55999755859375,245.17160627919233,413.2194234967571,367.3399963378906,242.3313280430039,405.4222711149816,353.6700134277344,243.8262161273519,405.6510251389108,354.0,32204200,24114200,67094400
2025-02-20,244.9922332763672,414.6857604980469,354.3999938964844,245.9389927126525,417.8547165109783,362.29998779296875,243.45747295470235,411.10822380495836,348.0,244.1052669318995,413.84867949906476,361.510009765625,32316900,23508700,45965400
2025-02-21,244.71319580078125,406.793212890625,337.79998779296875,247.84249441981407,416.59905745325864,354.9800109863281,244.38431857946645,406.4743466307379,334.4200134277344,245.11182656230832,415.8915301727366,353.44000244140625,53197400,27524800,74058600
2025-02-24,246.25791931152344,402.59783935546875,330.5299987792969,248.01191597096326,407.9491968592537,342.3999938964844,243.58704451830639,397.93408950529806,324.70001220703125,244.0953010258401,407.09219625426255,338.1400146484375,51326400,26443700,76052300
2025-02-25,246.1981201171875,396.5190124511719,302.79998779296875,249.14803959700342,400.52507980230723,328.8900146484375,244.0753891604379,395.3231955078189,297.25,247.15485528022737,399.7079184567694,327.0199890136719,48013300,29387400,134228800
2025-02-26,239.5408935546875,398.3426818847656,290.79998779296875,244.14514449402503,402.19924554396545,309.0,238.3150894487839,392.88169018272754,288.0400085449219,243.49736566903925,396.6286502127144,303.7099914550781,44433600,19619000,100118300
2025-02-27,236.49131774902344,391.1676330566406,281.95001220703125,241.6337368385667,404.33177619538384,297.2300109863281,236.25213016109495,390.80889711711075,280.8800048828125,238.5941277716784,399.87728914292836,291.1600036621094,41153600,21127400,101748200
2025-02-28,241.01583862304688,395.6121520996094,292.9800109863281,241.26498665715278,396.24994544118493,293.8800048828125,229.41550676334808,385.2283339547379,273.6000061035156,236.14250368420718,391.29719366600983,279.5,56833400,32845700,115697000
2025-03-03,237.2188262939453,387.14166259765625,284.6499938964844,243.1983791446907,397.4358274187669,303.94000244140625,235.30537120652147,384.8197626823639,277.29998779296875,240.96600727263495,397.4358274187669,300.3399963378906,47184000,23007700,115551400
2025-03-04,235.1259765625,387.26123046875,272.0400085449219,239.25188262538288,391.21745294280987,284.3500061035156,233.88023638606123,379.67765721488945,261.8399963378906,236.89992456399492,382.06932141422595,270.92999267578125,53798100,29342900,126706600
2025-03-05,234.93663024902344,399.628173828125,279.1000061035156,235.7438674276595,400.27594221038044,279.54998779296875,228.44880585950324,387.4605594414927,267.7099914550781,234.61771347352882,387.9887187604894,272.9200134277344,47227600,23433100,94042900
2025-03-06,234.52804565429688,395.5125427246094,263.45001220703125,237.0494227188423,400.7542663515353,272.6499938964844,232.36544239217005,391.3171323240562,260.0199890136719,233.64107919926062,392.91158534383527,272.05999755859375,45170400,23304600,98451600
2025-03-07,238.2552947998047,391.9449462890625,262.6700134277344,240.54744460053885,393.42976525122566,266.25,233.95996981993864,384.20192438386283,250.72999572753906,234.30878315837532,390.9583919892802,259.32000732421875,46273600,22034100,102369600
2025-03-10,226.70477294921875,378.840576171875,222.14999389648438,235.35520052510583,385.05890917094194,253.3699951171875,223.45588808739058,375.9107776446238,220.0,234.73730306532093,384.50085520495696,252.5399932861328,72071200,32840100,189076900
2025-03-11,220.08741760253906,379.1296081542969,230.5800018310547,225.07037859810526,384.6603339518935,237.05999755859375,216.70897065581676,375.6018856955347,217.02000427246094,223.0472976504486,377.6846284139058,225.30999755859375,76137400,30380200,174896400
2025-03-12,216.24057006835938,381.9397888183594,248.08999633789062,220.99431909322652,383.883033194115,251.83999633789062,214.17763213362198,377.634805186652,241.10000610351562,219.38980505207962,381.62092254273574,247.22000122070312,62547500,24253600,142215700
2025-03-13,208.96542358398438,377.45538330078125,240.67999267578125,216.10102664759694,383.9826683121219,248.2899932861328,207.70972301630272,376.139987768004,232.60000610351562,215.21406028960521,381.8301614244045,248.1300048828125,61368300,20473000,114813500
2025-03-14,212.76246643066406,387.21142578125,249.97999572753906,213.22089031000854,388.87564310802037,251.5800018310547,208.86578742228792,378.19284770158055,240.72999572753906,210.53009451028822,378.46189966674945,247.30999755859375,60107600,19952800,100242300
2025-03-17,213.27072143554688,387.3509521484375,238.00999450683594,214.48656508270392,391.3470139725856,245.39999389648438,209.25445626243933,384.23181056492524,232.8000030517578,212.58307041465437,385.35789354291256,245.05999755859375,48073400,22474300,111900600
2025-03-18,211.96519470214844,382.1889343261719,225.30999755859375,214.4168029665515,386.02557849597406,230.10000610351562,210.76928711901598,379.7773502731509,222.27999877929688,213.43018643369246,385.72663184862864,228.16000366210938,42432400,19486900,111477600
2025-03-19,214.50650024414062,386.4739990234375,235.86000061035156,218.01449366985423,388.3275289171194,241.41000366210938,213.02157246340184,382.66724981244226,229.1999969482422,213.4899719913265,384.1919384194473,231.61000061035156,54385400,19185500,111993800
2025-03-20,213.37037658691406,385.4974060058594,236.25999450683594,216.74882322763474,390.4302384005767,238.0,211.4967785561088,381.9497639905121,230.0500030517578,213.2607508466693,384.40121765018193,233.35000610351562,48862900,18470500,99028300
2025-03-21,217.52618408203125,389.9020690917969,248.7100067138672,218.09423372936246,390.38038369901005,249.52000427246094,210.55999911901452,381.47140919973003,234.5500030517578,210.8390437188948,381.8899648927027,234.99000549316406,94127800,39675900,132728700
2025-03-24,219.977783203125,391.7157287597656,278.3900146484375,220.7252273230714,394.02768406346627,278.6400146484375,217.83511614199446,388.45708885622673,256.3299865722656,220.24686734420678,394.02768406346627,258.0799865722656,44299500,21004500,169079900
2025-03-25,222.98748779296875,393.7885437011719,288.1400146484375,223.3363011191594,394.98436068056907,288.20001220703125,219.32999652191663,391.2773006739415,271.2799987792969,220.0176475207108,392.552857032296,283.6000061035156,34493600,15775000,150361500
2025-03-26,220.77505493164062,388.6165466308594,272.05999755859375,224.25316696482244,393.93800963918454,284.8999938964844,219.71866969932233,387.2214116418782,266.510009765625,222.7483031053444,393.6290879777552,282.6600036621094,34466100,16108400,153629800
2025-03-27,223.08717346191406,389.2243957519531,273.1300048828125,224.22328797900445,390.87863801869304,291.8500061035156,219.8083765580053,386.05543991632794,271.82000732421875,220.63554992146092,388.7759758195498,272.4800109863281,37094800,13766800,162572100
2025-03-28,217.15740966796875,377.48529052734375,263.54998779296875,223.04727255158852,387.77945533191945,276.1000061035156,216.93815819229235,375.6217855831935,260.57000732421875,220.91456609374504,386.7330813092454,275.5799865722656,39818600,21632000,123809400
2025-03-31,221.37301635742188,374.087158203125,259.1600036621094,224.8511131847691,375.761320171641,260.55999755859375,215.49311362240712,365.96541986866765,243.36000061035156,216.27045427307317,371.2470435423123,249.30999755859375,65299300,35184700,134008900
2025-04-01,222.4293975830078,380.863525390625,268.4599914550781,222.91771798921508,381.52123836039385,277.45001220703125,218.15400887457568,371.93463161723514,259.25,219.06091135294477,373.34968615477356,263.79998779296875,36412700,19689500,146486900
2025-04-02,223.12701416015625,380.813720703125,282.760009765625,224.4225869866718,383.74348886180815,284.989990234375,220.2667995775576,375.3128595122782,251.27000427246094,220.56578026164416,376.6581801475031,254.60000610351562,35905900,16092600,212787800
2025-04-03,202.49755859375,371.8150329589844,267.2799987792969,206.78290782089874,376.16989155085776,276.29998779296875,200.56416741637668,368.06810346654436,261.510009765625,204.83954098981803,373.4892252977989,265.2900085449219,103419000,30198000,136174300
2025-04-04,187.738037109375,358.5910949707031,239.42999267578125,199.19884701911502,373.28990195338014,261.0,186.70157274086588,358.2323590249941,236.0,193.2292544699453,362.86621412703136,255.3800048828125,125910900,49209900,181229400
2025-04-07,180.84161376953125,356.61798095703125,233.2899932861328,193.48835506739644,369.7123913004176,252.0,174.02491207450518,343.5933653790687,214.25,176.59612158290105,349.66222551139305,223.77999877929688,160466300,50425000,183453800
2025-04-08,171.83242797851562,353.3294372558594,221.86000061035156,189.69135865616965,372.35317854006513,250.44000244140625,168.63337548243626,349.0343982710952,217.8000030517578,186.0637635998773,366.98190125867967,245.0,120859500,35868900,171603500
2025-04-09,198.17234802246094,389.1347351074219,272.20001220703125,199.926344669284,391.8652461990382,274.69000244140625,171.30421792842867,351.8745186247924,223.8800048828125,171.3640110222038,352.3129939705509,224.69000244140625,184395900,50199700,219433400
2025-04-10,189.7710723876953,380.0264587402344,252.39999389648438,194.11621470149436,382.56759631800514,262.489990234375,182.37636057603893,366.5234683324548,239.3300018310547,188.42568213047016,380.7339860356081,260.0,121880000,38024400,181722600
2025-04-11,197.4747314453125,387.101806640625,252.30999755859375,198.85999394662434,388.6962291414208,257.739990234375,185.42593581806156,377.57498926356885,241.36000061035156,185.46580802047046,379.3189154840166,251.83999633789062,87435900,23839200,128948100
2025-04-14,201.82984924316406,386.4640197753906,252.35000610351562,212.2143377637297,393.28027643878613,261.79998779296875,200.47448329230923,382.8765082652718,245.92999267578125,210.7194495182335,391.8552468593249,258.3599853515625,101352900,19251200,100135200
2025-04-15,201.4511260986328,384.3912658691406,254.11000061035156,202.81645240683693,390.5298901348079,258.75,199.11910423874315,382.82670753665025,247.5399932861328,201.1720815277121,387.16161616456134,249.91000366210938,51343900,17199900,79594300
2025-04-16,193.6079559326172,370.32025146484375,241.5500030517578,200.01603598224625,380.2855448116978,251.97000122070312,191.71442177543545,366.72279516422714,233.88999938964844,197.68401406478426,379.34883521582236,247.61000061035156,59732400,21967800,112378700
2025-04-17,196.3087158203125,366.5035400390625,241.3699951171875,198.15241736523095,373.02085009277744,244.33999633789062,193.75744237056688,365.61664478749583,237.67999267578125,196.5279673080365,372.45282110026085,243.47000122070312,52164700,21120200,83404800
2025-04-21,192.50172424316406,357.87359619140625,227.5,193.13954254760668,363.21500903617533,232.2100067138672,189.16313478921086,354.43558836453434,222.7899932861328,192.61134997705832,361.5607667541322,230.25999450683594,46742500,20807300,97768000
2025-04-22,199.059326171875,365.5469055175781,237.97000122070312,200.9030125684292,366.4935901583944,242.7899932861328,195.3021694205859,358.611039306251,229.85000610351562,195.45165216386687,362.1188421014038,230.9600067138672,52976400,19485000,120858500
2025-04-23,203.90274047851562,373.09063720703125,250.74000549316406,207.29114738184992,379.069813295219,259.45001220703125,202.10887173866126,371.7253664544321,244.42999267578125,205.29796327240905,374.75482418771264,254.86000061035156,52929200,20545500,150381900
2025-04-24,207.659912109375,385.9557800292969,259.510009765625,208.11835121294007,387.10181303671203,259.5400085449219,202.2484237558185,373.8878249819962,249.1999969482422,204.1917755069081,374.3960646492269,250.5,47311000,22232300,94464200
2025-04-25,208.56680297851562,390.4900207519531,284.95001220703125,209.0352025034097,390.79894240871675,286.8500061035156,205.49729734578435,383.2651831703409,259.6300048828125,205.66671618569228,385.65684745985266,261.69000244140625,38222300,18973200,167560700
2025-04-28,209.4238739013672,389.80242919921875,285.8800048828125,210.77923983434187,391.37693221129894,294.8599853515625,206.7530142372406,385.2981274275963,272.4200134277344,209.2843516085664,390.59964052478745,288.9800109863281,38743100,16579400,151731800
2025-04-29,210.490234375,392.67242431640625,292.0299987792969,211.51672307140856,393.7287429695286,293.32000732421875,207.6599011161091,389.02512333213684,279.4700012207031,207.978817902887,389.9419132819562,285.5,36827600,14974000,108906600
2025-04-30,211.7758331298828,393.88818359375,282.1600036621094,212.8521544830753,395.2833185411371,284.45001220703125,205.96569903614,383.10572919383554,270.7799987792969,208.58674127234366,388.94537633492024,279.8999938964844,52286500,36461100,128961100
2025-05-01,212.59304809570312,423.9235534667969,280.5199890136719,213.82881264887993,435.47332427713997,290.8699951171875,208.18809734114114,423.4252888222868,279.80999755859375,208.3674918385056,429.6137271918364,280.010009765625,57365700,58938100,99659000
2025-05-02,204.65020751953125,433.769287109375,287.2099914550781,206.28461806468735,437.91485278651635,294.7799987792969,201.4710760745947,428.49763841940904,279.80999755859375,205.38767599056177,430.2415647531947,284.8999938964844,101010600,30757400,114454700
2025-05-05,198.21221923828125,434.65618896484375,280.260009765625,203.4044712176219,437.97461808249534,284.8500061035156,197.5345438511527,430.6102521137275,274.3999938964844,202.40787903175757,431.367624097433,284.57000732421875,69018500,20136100,94618900
2025-05-06,197.83349609375,431.8061218261719,275.3500061035156,199.96620262041338,436.2107948487266,277.7300109863281,196.34858356859348,429.6735648726689,271.3500061035156,197.5345306234426,430.6999888667604,273.1099853515625,51216500,15104200,76715800
2025-05-07,195.58120727539062,431.8459777832031,276.2200012207031,198.7603386318323,436.5994115910065,277.9200134277344,192.59143085844198,429.6137314736212,271.0,198.49125449640593,432.3342674079582,276.8800048828125,68536700,23295300,71592600
2025-05-08,196.81698608398438,436.6492614746094,284.82000732421875,199.3682595147921,442.1301726837614,289.79998779296875,194.0165494128041,434.147963172883,279.4100036621094,197.04619801698016,436.41007376009867,279.6300048828125,50478900,23491300,97539400
2025-05-09,197.8534393310547,437.2073059082031,298.260009765625,199.85658408831688,439.21030909915044,307.0400085449219,196.86680762308345,434.3671913522403,290.0,198.32183886048443,438.4728871570268,290.2099914550781,36453900,15324200,132387800
2025-05-12,210.3471221923828,447.7007751464844,318.3800048828125,210.82612467262763,447.8103787748487,322.2099914550781,206.31561695740214,438.2536661790282,311.5,210.52675192915717,444.39229048229146,321.989990234375,63775800,22821900,112826700
2025-05-13,212.48263549804688,447.5812072753906,334.07000732421875,212.95164926547025,449.1058959658508,337.5899963378906,208.56089957562318,443.8142971336702,316.79998779296875,209.98788789546765,446.22591154405814,320.0,51909300,23618800,136992600
2025-05-14,211.8839111328125,451.36798095703125,347.67999267578125,213.49052924285678,452.32464056421765,350.0,210.1375877621875,446.5846525094385,337.0,211.98369190366654,446.5846525094385,342.5,49325800,19902800,136997300
2025-05-15,211.00575256347656,452.3863220214844,342.82000732421875,212.51258988469863,455.44129747226026,346.1400146484375,209.0997617101353,449.6907411096269,334.7200012207031,210.506803034962,450.0301794411029,340.3399963378906,45029500,21992300,97882600
2025-05-16,210.81614685058594,453.5244445800781,349.9800109863281,212.12340739052024,453.6142932166669,351.6199951171875,209.3292870180407,447.99355872232604,342.3299865722656,211.9138418912236,451.30808680840903,346.239990234375,54737900,23849800,95895700
2025-05-19,208.3413543701172,458.11688232421875,342.0899963378906,209.0398806327114,458.83570185482216,343.0,203.83084657536088,450.0601197660991,333.3699951171875,207.47318710280226,450.14000552921704,336.29998779296875,46140500,21336500,88869900
2025-05-20,206.42539978027344,457.4180603027344,343.82000732421875,208.03201787298204,457.58776423526933,354.989990234375,204.5992426766309,453.57437286704067,341.6300048828125,207.23369558110693,454.8422775622727,347.8699951171875,42496600,15441800,131715500
2025-05-21,201.66542053222656,451.8272399902344,334.6199951171875,206.6050179110669,457.02868069868646,347.3500061035156,200.2883301620853,451.06847756848606,332.20001220703125,204.7389515122616,453.8239575485261,344.42999267578125,59211800,19216900,102354800
2025-05-22,200.93695068359375,454.11346435546875,341.0400085449219,202.32402973584547,459.49463285512667,347.2699890136719,199.28043462788855,453.1550484484722,331.3900146484375,200.28832240028711,454.2033434579146,331.8999938964844,46742400,18025600,97113400
2025-05-23,194.8597412109375,449.441162109375,339.3399963378906,197.28462846236872,452.94541128469075,343.17999267578125,193.05354646446796,448.17325738802526,333.2099914550781,193.2630967266574,449.24150862772166,337.9200134277344,78432900,16883500,84654800
2025-05-27,199.78936767578125,459.93389892578125,362.8900146484375,200.31825293342968,460.19348195260824,363.7900085449219,197.01519441683536,455.3713920868909,347.32000732421875,197.88337691051132,455.7308170830738,347.3500061035156,56288500,20974300,120146400
2025-05-28,199.99893188476562,456.609375,356.8999938964844,202.3040763244224,461.7609101640183,365.0,199.48002009942556,456.1800880198718,355.9100036621094,200.16857290124128,460.4630558858422,364.8399963378906,45339700,17086300,91404300
2025-05-29,199.5299072265625,457.9272155761719,358.42999267578125,203.38179807643976,460.9622349154345,367.7099914550781,198.09293019267844,454.56275123248776,356.0,203.15228556391767,460.79250051058557,365.2900085449219,51396800,13974800,88087800
2025-05-30,200.4280242919922,459.60443115234375,346.4599914550781,201.53569281345096,460.9222720478794,363.67999267578125,196.36656797106642,454.79236501090486,345.2900085449219,198.95112277889336,458.96549737927586,355.5199890136719,70819900,34770500,123474900
2025-06-02,201.27622985839844,461.2118225097656,342.69000244140625,201.70533435611304,461.35157690062545,348.0199890136719,199.69954757512772,456.1401731404802,333.3299865722656,199.85921507319503,456.3897628439735,343.5,35423300,16626500,81873800
2025-06-03,202.8429412841797,462.2101745605469,344.2699890136719,203.34189080211323,463.3782677615003,355.3999938964844,200.53779694760377,460.1036216507913,343.0400085449219,200.92697696252267,460.7126363614999,346.6000061035156,46381600,15743800,99324500
2025-06-04,202.3938751220703,463.1086730957031,332.04998779296875,205.80668775064265,464.9256933509807,345.6000061035156,201.67538665008354,462.2600620562611,327.3299865722656,202.4836823743862,463.2384646092932,345.1000061035156,43604000,14162700,98912100
2025-06-05,200.20848083496094,466.91241455078125,284.70001220703125,204.3198198340372,468.8791825139859,324.54998779296875,199.72947835269025,463.26841119380083,273.2099914550781,203.07244608657666,464.1968775224098,322.489990234375,55126100,20131700,287499800
2025-06-06,203.49156188964844,469.6080017089844,295.1400146484375,205.26782088834017,472.56313512848675,305.5,201.62549563553227,468.0106215882427,291.1400146484375,202.57349663849442,469.31846913564885,298.8299865722656,46607700,15285600,164747700
2025-06-09,201.02674865722656,471.97412109375,308.5799865722656,205.56719211084615,472.6529977632414,309.8299865722656,199.59976040917107,467.8508943889836,281.8500061035156,203.96057412654167,468.92913895110996,285.9599914550781,72862600,16469900,140908900
2025-06-10,202.24420166015625,470.1471252441406,326.0899963378906,203.92068000712237,472.02401413852874,327.8299865722656,200.14862275986277,466.19360257943936,310.6700134277344,200.17855851367187,470.4166711436691,314.94000244140625,54672600,15375900,151256500
2025-06-11,198.36236572265625,471.8443298339844,326.42999267578125,204.07034932786254,474.68965849935887,335.5,197.99314795828434,468.88919632531986,322.5,203.0724503091444,469.24859086789724,334.3999938964844,60989900,16399200,122611400
2025-06-12,198.78147888183594,478.0840759277344,319.1099853515625,199.26046614106752,479.6315503555016,332.55999755859375,196.94534836583952,472.7428502291372,316.8599853515625,198.66173587371065,474.2403884361742,323.0799865722656,43904600,18950600,105127500
2025-06-13,196.03726196289062,474.18048095703125,325.30999755859375,199.9490243445518,478.3935562569989,332.989990234375,195.2888376882346,471.98410990605987,313.29998779296875,199.3103695725812,475.62811338522215,313.9700012207031,51447300,16814500,128964300
2025-06-16,198.0031280517578,478.3536376953125,329.1300048828125,198.27256505925683,479.90108160832807,332.04998779296875,196.1470352061455,474.2204177457221,326.4100036621094,196.8854859861783,474.4300645574067,331.2900085449219,43020700,15626100,83925900
2025-06-17,195.2289581298828,477.25543212890625,316.3500061035156,197.97318035709665,477.9542649832925,327.260009765625,194.79986887227625,473.30190948641297,314.739990234375,196.78567812068002,474.6197503672441,326.0899963378906,38856200,15414100,88282700
2025-06-18,196.1669921875,479.4518127441406,322.04998779296875,197.15491770400297,480.2105751696819,329.32000732421875,194.66017014117494,473.68130019053103,315.45001220703125,195.52833742048526,477.21549881727225,317.30999755859375,45394700,17526500,95137700
2025-06-20,200.5777130126953,476.6164855957031,322.1600036621094,201.27623931614946,482.666537493529,332.3599853515625,196.44641147314488,476.0873566497709,317.7799987792969,197.82351706190548,481.4385756672578,327.95001220703125,96813500,37576200,108688000
2025-06-23,201.07664489746094,485.2023620605469,348.67999267578125,201.87496712850407,486.94948990747275,357.5400085449219,198.54198818263384,471.7345120072702,327.4800109863281,201.20637663769034,477.425138713905,327.5400085449219,55814300,24864000,190716800
2025-06-24,199.87918090820312,489.30560302734375,340.4700012207031,203.0125832870988,491.0427680081874,356.260009765625,199.77938491343542,486.0010379300524,340.44000244140625,202.16436301176623,488.1475336634371,356.1700134277344,54064000,22305600,114736200
2025-06-25,201.1365203857422,491.4620666503906,327.54998779296875,203.24208788881052,493.7483167920849,343.0,200.19849288768373,488.58681895090325,320.3999938964844,201.02675088646447,491.2324636297239,342.70001220703125,39525700,17495100,119845100
2025-06-26,200.5777130126953,496.6335754394531,325.7799987792969,202.2142668779585,497.2226034494893,331.04998779296875,199.04095514509618,492.0011761864687,323.6099853515625,201.00680230384165,492.1709105807123,324.6099853515625,50799100,21578900,80440900
2025-06-27,200.6575469970703,495.1260681152344,323.6300048828125,202.79305039965564,498.4805390751374,329.3399963378906,199.57981417332658,492.22084033701867,317.5,201.46584280819525,496.73341116664807,324.510009765625,73188600,34539200,89067000
2025-06-30,204.7389373779297,496.5936584472656,317.6600036621094,206.95427439094752,499.9381665482639,325.5799865722656,198.84135059390303,494.51705506439515,316.6000061035156,201.58557286233471,496.22427056302723,319.8999938964844,91912800,28369000,76695100
2025-07-01,207.3833770751953,491.242431640625,300.7099914550781,209.74839282792448,497.2325843953567,305.8900146484375,205.70689884063935,490.1742108879921,293.2099914550781,206.23578409144605,495.655190908974,298.4599914550781,78788900,19945400,145085700
2025-07-02,211.99366760253906,490.2840270996094,315.6499938964844,212.8917706186518,492.69007550131784,316.8299865722656,207.7026988246806,487.8979653734086,303.82000732421875,208.47108532398713,489.1858263089447,312.6300048828125,67941800,16319600,119483700
2025-07-03,213.10133361816406,498.02130126953125,315.3500061035156,214.1990133776075,499.3091926553608,318.45001220703125,211.3649838836884,492.6301698307581,312.760009765625,211.70426588787655,492.99955771280014,317.989990234375,34955800,13984800,58042300
2025-07-07,209.50889587402344,496.90313720703125,293.94000244140625,215.77570049162512,497.9314455400232,296.1499938964844,208.36131809352125,494.41723357438383,288.7699890136719,212.23315593085263,496.56369887519327,291.3699951171875,50229000,13981600,131177900
2025-07-08,209.5687713623047,495.804931640625,297.80999755859375,210.98578616820197,497.3823555722493,304.04998779296875,208.01205130024096,493.2990413573122,294.3500061035156,209.658593847986,496.42390920841734,297.0,42848900,11846600,103246700
2025-07-09,210.69639587402344,502.68365478515625,295.8800048828125,210.8859991217609,505.94827712953634,300.1499938964844,206.78463359109693,498.919822567675,293.54998779296875,209.0897778625777,499.47890106455674,297.54998779296875,48749400,18659500,75586800
2025-07-10,211.9637451171875,500.656982421875,309.8699951171875,213.03148920420767,503.6121159415126,310.4800109863281,209.58874045798783,496.93309312638246,300.0,210.06772774811225,502.22438258392543,300.04998779296875,44443600,16492100,104365300
2025-07-11,210.7163543701172,502.49395751953125,313.510009765625,211.68431760849728,504.20114253320645,314.0899963378906,209.41908263784933,496.9829974553982,305.6499938964844,210.12759762046792,497.6519112557523,307.8900146484375,39765800,16459500,79236400
2025-07-14,208.1816864013672,502.1944274902344,316.8999938964844,210.46688365912564,503.14288052756655,322.6000061035156,207.10395364435493,500.20770324807717,312.6700134277344,209.48893166698292,500.6968893054946,317.7300109863281,38840100,12058800,78043400
2025-07-15,208.67066955566406,504.9898376464844,310.7799987792969,211.44482767792792,507.465747883617,321.20001220703125,208.48106630115817,501.9648118083004,310.5,208.7804390594974,502.19441482497484,319.67999267578125,42296300,14927200,77556300
2025-07-16,209.7184600830078,504.7901611328125,321.6700134277344,211.9537441254909,505.88836188358,323.5,208.20164932080104,501.06630238508603,312.6199951171875,209.85816533566302,504.35088083250554,312.79998779296875,47490500,15154400,97284800
2025-07-17,209.57875061035156,510.8601989746094,319.4100036621094,211.3550095983717,512.5274410723513,324.3399963378906,209.14964612579556,504.7901605415637,317.05999755859375,210.12759810142074,504.85005963085433,323.1499938964844,48068100,17503100,73922900
2025-07-18,210.73631286621094,509.212890625,329.6499938964844,211.34503189230253,513.7953843002441,330.8999938964844,209.25942654413325,506.59719545986655,321.4200134277344,210.42696659875526,513.6356127696338,321.6600036621094,48974600,21209700,94255000
2025-07-21,212.03358459472656,509.2228698730469,328.489990234375,215.32665448510335,511.24956741731427,338.0,211.18537954340883,504.7202620876888,326.8800048828125,211.65439331220318,505.8783619126309,334.3999938964844,51377400,14066800,75768800
2025-07-22,213.9495391845703,504.44073486328125,332.1099853515625,214.49838667908332,510.3610256433726,335.4100036621094,211.78410018506472,504.44073486328125,321.54998779296875,212.69219192810166,510.13139215337156,329.739990234375,46404100,13868600,77370400
2025-07-23,213.7000732421875,505.0397644042969,332.55999755859375,214.69797228179937,505.95826791167354,336.20001220703125,211.9637386583707,499.87826643817476,328.6700134277344,214.54829351654996,505.9183250285286,330.8999938964844,46989300,16396600,92553800
2025-07-24,213.31089782714844,510.0415344238281,305.29998779296875,215.23685093304425,512.826933461713,310.1499938964844,213.08138530657155,506.4673929575042,300.4100036621094,213.45060308663847,507.93498157135946,310.0,46022600,16107000,156966000
2025-07-25,213.43064880371094,512.866943359375,316.05999755859375,214.7877920897316,517.4393829887753,323.6300048828125,212.95164630742312,509.52240467312413,308.010009765625,214.24891808809048,511.6289272082179,308.739990234375,40268800,19125700,148227000
2025-07-28,213.6002960205078,511.65887451171875,325.5899963378906,214.39861831079742,514.1547714605564,330.489990234375,212.61237047326716,509.2827757416266,315.69000244140625,213.5803337758995,513.2362984451797,318.45001220703125,37858000,14308000,112673800
2025-07-29,210.8261260986328,511.728759765625,321.20001220703125,214.3586818606333,516.7704593446111,326.25,210.37707459375494,510.7204076628311,318.25,213.73000061776605,514.6839236482208,325.54998779296875,51411700,16469200,87358900
2025-07-30,208.6107940673828,512.3976440429688,319.0400085449219,211.94377315400357,515.1032182392812,324.45001220703125,207.28358653790625,508.6038929137552,311.6199951171875,211.454797150492,514.3244691518986,322.17999267578125,45512500,26380400,83931900
2025-07-31,207.1339111328125,532.6243896484375,308.2699890136719,209.39913099136336,554.5383762548963,321.3699951171875,206.72476887181696,531.0270400328567,306.1000061035156,208.0519764228089,554.3187056451394,319.6099853515625,80698400,51617300,85270900
2025-08-01,201.95480346679688,523.2498168945312,302.6300048828125,213.13126916468397,534.9206337229102,309.30999755859375,201.07664747870345,520.0051507892547,297.82000732421875,210.4269561886582,534.1219588686084,306.2099914550781,104434500,28977600,89121400
2025-08-04,202.9227752685547,534.7609252929688,309.260009765625,207.44325668811337,537.3666271513684,312.1199951171875,201.25627047720934,527.2632409127965,303.0,204.0803265791815,527.4030257699867,309.0799865722656,75109300,25349000,78683900
2025-08-05,202.49366760253906,526.8838500976562,308.7200012207031,204.90858140720596,536.4181643311854,312.45001220703125,201.73526982787092,526.374677366439,305.5,202.97265486934364,536.2983661514853,308.95001220703125,44155100,19171600,57961300
2025-08-06,212.8019561767578,524.0784912109375,319.9100036621094,214.9274858636443,530.8274067099719,320.4700012207031,205.15804638253505,523.1700114791388,306.92999267578125,205.1979708684584,530.0287318260303,307.8900146484375,108483100,21355700,78523600
2025-08-07,219.56771850585938,519.9852294921875,322.2699890136719,220.38600300495352,527.2233308658066,322.3999938964844,216.12496995802366,516.7005900083886,316.1600036621094,218.42014073215765,525.9354090023164,319.7900085449219,90224800,16079100,66658700
2025-08-08,228.86813354492188,521.1832275390625,329.6499938964844,230.51466074526758,523.7989228282858,335.1499938964844,218.78934791515115,518.5575389118288,320.9800109863281,220.36603010589778,521.7423060527517,321.42999267578125,113854000,15531000,91200300
2025-08-11,226.95997619628906,520.9136962890625,339.0299987792969,229.33767612130436,526.7241518809952,346.6400146484375,224.54232171734583,518.8670119786243,334.1499938964844,227.6992650180531,521.4427947726738,335.0,61806100,20194400,105320200
2025-08-12,229.42758178710938,528.3713989257812,340.8399963378906,230.57647717809445,530.1085334795151,345.260009765625,226.8500938879156,521.8421543429575,332.94000244140625,227.78917070894937,522.8904188907295,345.0,55626200,18667000,80522100
2025-08-13,233.10403442382812,519.7256469726562,339.3800048828125,234.77241529044048,531.825750889051,348.9800109863281,230.2068337695816,518.5176108745642,338.20001220703125,230.8462285986664,531.236692379076,341.5,69878500,19619200,67838900
2025-08-14,232.5545654296875,521.6224975585938,335.5799865722656,234.89229562265464,525.0868343553949,340.4700012207031,230.6264418350812,519.2863720398742,330.3999938964844,233.83332460758467,521.7023833261101,335.760009765625,51916300,20269100,75000700
2025-08-15,231.36570739746094,519.3162841796875,330.55999755859375,234.0531046408583,525.2365445998882,339.29998779296875,229.11788646444978,518.2281072023833,327.0199890136719,233.77337703316005,521.9120536418995,337.6600036621094,56038700,25213300,74319800
2025-08-18,230.66639709472656,516.2512817382812,335.1600036621094,232.89423321308522,521.9619254356152,336.2699890136719,229.88715369469057,513.176380682391,329.5899963378906,231.47561022214762,520.7339636806648,329.6199951171875,37476200,23760600,56956600
2025-08-19,230.3367156982422,508.933349609375,329.30999755859375,232.64447617946885,514.314487646487,340.54998779296875,229.1278960385577,507.7153506663982,327.8500061035156,231.05601964615855,514.1547770514178,335.7900085449219,39402600,21481000,75956000
2025-08-20,225.79110717773438,504.8900146484375,323.8999938964844,230.24679444121838,510.161347905157,331.3699951171875,225.55134937034353,503.6121166003689,314.6000061035156,229.75726351111018,509.0331975839143,329.2200012207031,42263900,27723000,77481800
2025-08-21,224.68218994140625,504.239990234375,320.1099853515625,226.30063142153253,507.6300048828125,324.8999938964844,223.56327948127884,502.7200012207031,318.67999267578125,226.05087353353895,503.69000244140625,322.0799865722656,30621200,18443300,55744400
2025-08-22,227.53941345214844,507.2300109863281,340.010009765625,228.8681272027074,510.7300109863281,340.25,225.1916985271248,502.4100036621094,319.69000244140625,225.95095699429655,504.25,321.6600036621094,42477800,24324200,94016300
2025-08-25,226.94000244140625,504.260009765625,346.6000061035156,229.07792927219558,508.19000244140625,349.5299987792969,226.01089520624416,504.1199951171875,335.0299987792969,226.26065308481304,506.6300048828125,338.8999938964844,30983100,21638600,86670000
2025-08-26,229.08792114257812,502.0400085449219,351.6700134277344,229.26775474756235,504.9800109863281,351.8999938964844,224.4724002828088,498.510009765625,343.7200012207031,226.65028173376106,504.3599853515625,344.92999267578125,54575100,30835700,76651600
2025-08-27,230.26678466796875,506.739990234375,349.6000061035156,230.676376013076,507.2900085449219,355.3900146484375,228.03893336267103,499.8999938964844,349.1600036621094,228.38860049855515,502.0,351.94000244140625,31259500,17277900,65519000
2025-08-28,232.33477783203125,509.6400146484375,345.9800109863281,233.18396075811214,511.0899963378906,353.54998779296875,229.11789497993007,505.5,340.260009765625,230.59647266873003,507.0899963378906,350.9100036621094,38074700,18015600,67903200
2025-08-29,231.91517639160156,506.69000244140625,333.8699951171875,233.15398096397084,509.6000061035156,348.75,231.145917853049,504.489990234375,331.70001220703125,232.28481317583598,508.6600036621094,347.2300109863281,39418400,20961600,81145700
2025-09-02,229.49752807617188,505.1199951171875,329.3599853515625,230.62643860177437,506.0,333.3299865722656,226.75019132336067,496.80999755859375,325.6000061035156,229.02798202980685,500.4700012207031,328.2300109863281,44075600,18128000,58392000
2025-09-03,238.2390594482422,505.3500061035156,334.0899963378906,238.6186963224971,507.7900085449219,343.3299865722656,234.133039090421,502.32000732421875,328.510009765625,236.98028515930878,503.7900085449219,335.20001220703125,66427800,16345100,88733300
2025-09-04,239.5477752685547,507.9700012207031,338.5299987792969,239.66765417218173,508.1499938964844,338.8900146484375,236.51072617258424,503.1499938964844,331.4800109863281,238.21906152531412,504.29998779296875,336.1499938964844,47549400,15509500,60711000
2025-09-05,239.45787048339844,495.0,350.8399963378906,241.08629675958926,511.9700012207031,355.8699951171875,238.25903569310344,492.3699951171875,344.67999267578125,239.76756781945676,509.07000732421875,348.0,54870400,31994800,108989800
2025-09-08,237.64962768554688,498.20001220703125,346.3999938964844,239.91741830634814,501.20001220703125,358.44000244140625,236.11111057683257,495.0299987792969,344.8399963378906,239.06825064349684,498.1099853515625,354.6400146484375,48999500,16771000,75208300
2025-09-09,234.123046875,498.4100036621094,346.9700012207031,238.5487492683241,502.25,350.7699890136719,233.13400016518182,497.70001220703125,343.82000732421875,236.77047435136637,501.42999267578125,348.44000244140625,66313900,14410500,53816000
2025-09-10,226.5703582763672,500.3699951171875,347.7900085449219,232.19491077497392,503.2300109863281,356.3299865722656,225.73117543382176,496.7200012207031,346.07000732421875,231.96513778704139,502.9800109863281,350.54998779296875,83440800,21611800,72121700
2025-09-11,229.80722045898438,501.010009765625,368.80999755859375,230.22681187017153,503.1700134277344,368.989990234375,226.43048902665416,497.8800048828125,347.6000061035156,226.66027725307507,502.25,350.1700134277344,50208600,18881600,103756000
2025-09-12,233.84332275390625,509.8999938964844,395.94000244140625,234.28288383192944,512.5499877929688,396.69000244140625,228.79821036620638,503.8500061035156,370.239990234375,228.9980136278554,506.6499938964844,370.94000244140625,55824200,23624900,168156400
2025-09-15,236.47076416015625,515.3599853515625,410.0400085449219,237.95932665324483,515.469970703125,425.70001220703125,234.80238330570734,507.0,402.42999267578125,236.77047667310174,508.7900085449219,423.1300048828125,42699500,17143800,163823700
2025-09-16,237.9193572998047,509.0400085449219,421.6199951171875,240.98639147239973,517.22998046875,423.25,236.09114297984144,508.6000061035156,411.42999267578125,236.9502954777413,516.8800048828125,414.5,63421100,19711900,104285700
2025-09-17,238.75856018066406,510.0199890136719,425.8599853515625,239.86748583209587,511.2900085449219,428.30999755859375,237.4997706474641,505.92999267578125,409.6700134277344,238.73857528095925,510.6199951171875,415.75,46508000,15816600,106133500
2025-09-18,237.64962768554688,508.45001220703125,416.8500061035156,240.9664044724694,513.0700073242188,432.2200012207031,236.4208079152849,507.6600036621094,416.55999755859375,239.737599946219,511.489990234375,428.8699951171875,44249600,18913700,90454500
2025-09-19,245.26223754882812,517.9299926757812,426.07000732421875,246.06146581163878,519.2999877929688,429.4700012207031,239.9773675285625,510.30999755859375,421.7200012207031,240.99636870073516,510.55999755859375,421.82000732421875,163741300,52474100,93131000
2025-09-22,255.8319854736328,514.4500122070312,434.2099914550781,256.3914711896616,517.739990234375,444.9800109863281,247.8797028858207,512.5399780273438,429.1300048828125,248.05953649140056,515.5900268554688,431.1099853515625,105517400,20009300,97108800
2025-09-23,254.18359375,509.2300109863281,425.8500061035156,257.0907792625319,514.5900268554688,440.9700012207031,253.33442606621003,507.30999755859375,423.7200012207031,255.63220171436936,513.7999877929688,439.8800048828125,60275200,19799600,83422700
2025-09-24,252.06564331054688,510.1499938964844,442.7900085449219,255.4923293909784,512.47998046875,444.2099914550781,250.79686899703333,506.9200134277344,429.0299987792969,254.9728287261993,510.3800048828125,429.8299865722656,42303700,13533700,93133600
2025-09-25,256.6212158203125,507.0299987792969,423.3900146484375,256.9209435623003,510.010009765625,435.3500061035156,251.466224879955,505.0400085449219,419.0799865722656,252.96477212582877,508.29998779296875,435.239990234375,55202100,15786500,96746400
2025-09-26,255.2126007080078,511.4599914550781,440.3999938964844,257.3505275669758,513.9400024414062,440.4700012207031,253.5342198150173,506.6199951171875,421.0199890136719,253.8539172209246,510.05999755859375,428.29998779296875,46076300,16213100,101628200
2025-09-29,254.18359375,514.5999755859375,443.2099914550781,254.75304905914027,516.8499755859375,450.9800109863281,252.76497075706976,508.8800048828125,439.5,254.31347273152574,511.5,444.3500061035156,40127700,17617800,79491500
2025-09-30,254.38340759277344,517.9500122070312,444.7200012207031,255.67215158054225,518.1599731445312,445.0,252.8648753735947,509.6600036621094,433.1199951171875,254.61318058017173,513.239990234375,441.5199890136719,37704300,19728200,74358000
2025-10-01,255.20260620117188,519.7100219726562,459.4599914550781,258.53938316103813,520.510009765625,462.2900085449219,254.6831055272507,511.69000244140625,440.75,254.7929996074261,514.7999877929688,443.79998779296875,48713900,22632300,98122300
2025-10-02,256.8809814453125,515.739990234375,436.0,257.9299523535748,521.5999755859375,470.75,253.9038565188199,510.67999267578125,435.57000732421875,256.33149581258533,517.6400146484375,470.5400085449219,42630200,21222900,137009000
2025-10-03,257.7701110839844,517.3499755859375,429.8299865722656,258.9889308017334,520.489990234375,446.7699890136719,253.70406057825727,515.0,416.5799865722656,254.42336451804394,517.0999755859375,443.2900085449219,49155600,15112300,133188200
2025-10-06,256.44140625,528.5700073242188,453.25,258.819106172963,531.030029296875,453.54998779296875,254.80299514816292,518.2000122070312,436.69000244140625,257.7401350456914,518.6099853515625,440.75,44664100,21388600,85324900
2025-10-07,256.23162841796875,523.97998046875,433.0899963378906,257.15072039039774,529.7999877929688,452.67999267578125,255.18262697514498,521.4400024414062,432.45001220703125,256.56129542181253,528.2899780273438,447.82000732421875,31955800,14615200,102296100
2025-10-08,257.8100891113281,524.8499755859375,438.69000244140625,258.2696351050741,526.9500122070312,441.3299865722656,255.8619653198879,523.0900268554688,425.2300109863281,256.2715719294531,523.280029296875,437.57000732421875,36496900,13363400,71192100
2025-10-09,253.79396057128906,522.4000244140625,435.5400085449219,257.75013209688524,524.3300170898438,436.3500061035156,252.8948383011137,517.4000244140625,426.17999267578125,257.5603136690899,522.3400268554688,431.80999755859375,38322000,18343600,69339900
2025-10-10,245.032470703125,510.9599914550781,413.489990234375,256.13171175032437,523.5800170898438,443.1300048828125,243.76369637579657,509.6300048828125,411.45001220703125,254.69310389004832,519.6400146484375,436.5400085449219,61999100,24133800,112107900
2025-10-13,247.42015075683594,514.0499877929688,435.8999938964844,249.44818352992385,516.4099731445312,436.8900146484375,245.32217845998096,511.67999267578125,419.70001220703125,249.13848619669534,516.4099731445312,423.5299987792969,38142900,14284200,79552800
2025-10-14,247.53004455566406,513.5700073242188,429.239990234375,248.60900042906025,515.280029296875,434.20001220703125,244.46301046499008,506.0,417.8599853515625,246.36117950382103,510.2300109863281,426.7900085449219,35478000,14684300,72669400
2025-10-15,249.09852600097656,513.4299926757812,435.1499938964844,251.5761352503302,517.1900024414062,440.510009765625,247.2303418581919,510.0,426.3299865722656,249.24838988167792,514.9600219726562,434.8999938964844,33893600,14694700,71558200
2025-10-16,247.21035766601562,511.6099853515625,428.75,248.79881419551728,516.8499755859375,439.3500061035156,244.8926123625184,508.1300048828125,421.30999755859375,248.00958596667436,512.5800170898438,434.7300109863281,39777000,15559600,77189900
2025-10-17,252.045654296875,513.5800170898438,439.30999755859375,253.13461023404025,515.47998046875,441.4599914550781,247.03052706557392,507.30999755859375,423.6000061035156,247.77980070207627,509.0400085449219,425.5,49147000,19867800,89331600
2025-10-20,261.98602294921875,516.7899780273438,447.42999267578125,264.1239650925819,518.7000122070312,449.79998779296875,255.3824390623343,513.4299926757812,440.6099853515625,255.64218177653177,514.6099853515625,443.8699951171875,90483000,14665600,63719000
2025-10-21,262.5155029296875,517.6599731445312,442.6000061035156,265.03308188579996,518.6900024414062,449.29998779296875,261.5764108568555,513.0399780273438,442.04998779296875,261.6263807259345,517.5,445.760009765625,46695900,15586200,54412200
2025-10-22,258.19970703125,520.5399780273438,438.9700012207031,262.5954395959732,525.22998046875,445.5400085449219,255.18261234613632,517.7100219726562,429.0,262.3956210979312,521.1500244140625,443.45001220703125,45015300,18962700,84023500
2025-10-23,259.3285827636719,520.5599975585938,448.9800109863281,260.36758405794774,523.9500122070312,449.3999938964844,257.76012648314656,518.6099853515625,413.8999938964844,259.68824995662277,522.4600219726562,420.0,32754900,14023500,126709800
2025-10-24,262.56549072265625,523.6099853515625,433.7200012207031,263.87421967110856,525.3499755859375,451.67999267578125,258.9290010880386,520.7100219726562,430.1700134277344,260.93706434715574,522.7899780273438,446.8299865722656,38253700,15532400,94727800
2025-10-27,268.5496520996094,531.52001953125,452.4200134277344,268.8593494221352,534.5800170898438,460.1600036621094,264.3936774471076,529.010009765625,438.69000244140625,264.6234656652487,531.780029296875,439.9800109863281,44888200,18734700,105867500
2025-10-28,268.7394714355469,542.0700073242188,460.54998779296875,269.6286240979669,553.719970703125,467.0,267.8902885694659,540.77001953125,451.6000061035156,268.7294713644567,550.0,454.7799987792969,41534800,29986700,80185700
2025-10-29,269.4388122558594,541.5499877929688,461.510009765625,271.1471476128123,546.27001953125,465.70001220703125,266.85129379808274,536.72998046875,452.6499938964844,269.01920560410514,544.9400024414062,462.5,51086700,36023000,67983500
2025-10-30,271.13714599609375,525.760009765625,440.1000061035156,273.87451306817263,534.969970703125,455.05999755859375,268.2199910571769,522.1199951171875,439.6099853515625,271.72657092903916,530.47998046875,451.04998779296875,69886500,41023100,72447900
2025-10-31,270.108154296875,517.8099975585938,456.55999755859375,277.05143573891627,529.3200073242188,458.0,268.89933466249033,515.0999755859375,443.69000244140625,276.721738255342,528.8800048828125,446.75,86167100,34006400,83135800
2025-11-03,268.7894287109375,517.030029296875,468.3699951171875,270.5877038096653,524.9600219726562,474.07000732421875,265.9921525413924,514.5900268554688,453.79998779296875,270.15812755648943,519.8099975585938,455.989990234375,50194600,22374700,84595200
2025-11-04,269.7784729003906,514.3300170898438,444.260009765625,271.22705027239556,515.5499877929688,460.2200012207031,267.36080327265466,507.8399963378906,443.6000061035156,268.0701070960229,511.760009765625,454.4599914550781,49274800,20958700,87756600
2025-11-05,269.8783874511719,507.1600036621094,462.07000732421875,271.43687417180433,514.8300170898438,466.3299865722656,266.67147434431234,506.5799865722656,440.7099914550781,268.3498399683747,513.2999877929688,452.04998779296875,43683100,23024300,85573000
2025-11-06,269.50872802734375,497.1000061035156,445.9100036621094,273.1352174017799,505.70001220703125,467.45001220703125,267.6305743388968,495.80999755859375,435.0899963378906,267.6305743388968,505.6600036621094,461.9599914550781,51204000,27406500,109622900
2025-11-07,268.2099914550781,496.82000732421875,429.5199890136719,272.02629915101613,499.3800048828125,439.3599853515625,266.51162568814635,493.25,421.8800048828125,269.5386899523433,496.95001220703125,437.9200134277344,48227400,24019800,103471500
2025-11-10,269.42999267578125,506.0,445.2300109863281,273.7300109863281,506.8500061035156,449.6700134277344,267.4599914550781,498.79998779296875,433.3599853515625,268.9599914550781,500.0400085449219,439.6000061035156,41312400,26101500,76515900
2025-11-11,275.25,508.67999267578125,439.6199951171875,275.9100036621094,509.6000061035156,442.489990234375,269.79998779296875,502.3500061035156,432.3599853515625,269.80999755859375,504.79998779296875,439.3999938964844,46208300,17980000,60533200
2025-11-12,273.4700012207031,511.1400146484375,430.6000061035156,275.7300109863281,511.6700134277344,442.3299865722656,271.70001220703125,499.1199951171875,426.55999755859375,275.0,509.3599853515625,442.1499938964844,48398000,26574900,58513500
2025-11-13,272.95001220703125,503.2900085449219,401.989990234375,276.70001220703125,513.5,424.5,272.0899963378906,501.2900085449219,396.3399963378906,274.1099853515625,510.30999755859375,423.1300048828125,49602800,25273100,118948000
2025-11-14,272.4100036621094,510.17999267578125,404.3500061035156,275.9599914550781,511.6000061035156,412.19000244140625,269.6000061035156,497.44000244140625,382.7799987792969,271.04998779296875,498.2300109863281,386.29998779296875,47431300,28505700,105506700
2025-11-17,267.4599914550781,507.489990234375,408.9200134277344,270.489990234375,512.1199951171875,423.9599914550781,265.7300109863281,504.9100036621094,398.739990234375,268.82000732421875,508.45001220703125,398.739990234375,45018300,19092800,102214300
2025-11-18,267.44000244140625,493.7900085449219,401.25,270.7099914550781,502.9800109863281,408.8999938964844,265.32000732421875,486.7799987792969,393.7099914550781,269.989990234375,495.3699951171875,405.3800048828125,45677300,33815100,80688600
2025-11-19,268.55999755859375,487.1199951171875,403.989990234375,272.2099914550781,495.19000244140625,411.7799987792969,265.5,482.8299865722656,398.5,265.5299987792969,490.1000061035156,406.17999267578125,40355600,23163300,71542400
2025-11-20,267.69140625,479.7749938964844,401.6354064941406,275.42999267578125,493.57000732421875,428.94000244140625,266.3599853515625,478.2900085449219,397.3900146484375,270.80999755859375,492.7099914550781,414.6300048828125,29361859,15371897,70376889
